{"stats":{"minecraft:mined":{"minecraft:red_sand":4,"solarcraft:solar_flower":1},"minecraft:used":{"born_in_chaos_v1:supreme_measure":4},"minecraft:picked_up":{"solarcraft:energy_dust":6,"rpgsmw:class_choose_orb":1,"minecraft:arrow":2,"born_in_chaos_v1:supreme_measure":2,"minecraft:bone":2,"minecraft:rotten_flesh":5,"minecraft:red_sand":1,"bossominium:the_bossdexium":2,"minecraft:iron_ingot":4,"gravestone:obituary":1,"minecraft:poppy":1,"alexsmobs:animal_dictionary":2},"minecraft:dropped":{"solarcraft:energy_dust":2,"gravestone:obituary":1},"minecraft:killed_by":{"minecraft:player":4,"minecraft:pillager":1},"minecraft:killed":{"minecraft:iron_golem":1,"born_in_chaos_v1:decaying_zombie":1,"minecraft:zombie":1,"born_in_chaos_v1:decrepit_skeleton":1},"minecraft:custom":{"minecraft:time_since_rest":13609,"minecraft:open_chest":2,"minecraft:play_time":23337,"minecraft:sprint_one_cm":31694,"minecraft:walk_one_cm":40091,"minecraft:damage_taken":151775,"minecraft:deaths":5,"minecraft:sneak_time":312,"minecraft:mob_kills":4,"minecraft:drop":3,"minecraft:damage_dealt_resisted":30027,"minecraft:jump":226,"minecraft:damage_dealt":1799,"minecraft:leave_game":1,"minecraft:time_since_death":13579,"minecraft:total_world_time":23337,"minecraft:fall_one_cm":4085,"minecraft:fly_one_cm":40010,"minecraft:crouch_one_cm":541}},"DataVersion":3120}