{"stats":{"minecraft:mined":{"solarcraft:solar_flower":1,"minecraft:red_sand":1},"minecraft:picked_up":{"born_in_chaos_v1:shattered_skull":1,"born_in_chaos_v1:pieceofdarkmetal":3,"solarcraft:energy_dust":4,"minecraft:arrow":1,"minecraft:bone":5,"minecraft:rotten_flesh":4},"minecraft:used":{"born_in_chaos_v1:supreme_measure":6,"sophisticatedbackpacks:backpack":1,"minecraft:carved_pumpkin":1,"minecraft:iron_block":4,"twilightforest:ice_sword":23,"solarcraft:charged_qualadium_sword":8,"alexsmobs:animal_dictionary":1},"minecraft:dropped":{"alexsmobs:animal_dictionary":2,"rpgsmw:class_choose_orb":1,"gravestone:obituary":2,"solarcraft:energy_dust":4,"born_in_chaos_v1:supreme_measure":2,"bossominium:the_bossdexium":2},"minecraft:killed_by":{"minecraft:skeleton":1,"minecraft:pillager":1,"born_in_chaos_v1:zombie_bruiser":1},"minecraft:killed":{"minecraft:pillager":2,"minecraft:husk":1,"minecraft:zombie":3,"enemyexpansion:botfly":4,"born_in_chaos_v1:skeleton_thrasher":1,"born_in_chaos_v1:maggot":2},"minecraft:custom":{"minecraft:time_since_rest":51270,"minecraft:sprint_one_cm":24938,"minecraft:damage_taken":800,"minecraft:walk_one_cm":50241,"minecraft:mob_kills":14,"minecraft:drop":13,"minecraft:damage_dealt":2272,"minecraft:fly_one_cm":337102,"minecraft:player_kills":4,"minecraft:open_chest":5,"minecraft:crouch_one_cm":634,"minecraft:play_time":54316,"minecraft:deaths":3,"minecraft:sneak_time":1025,"minecraft:walk_under_water_one_cm":638,"minecraft:jump":277,"minecraft:damage_dealt_resisted":149,"minecraft:leave_game":3,"minecraft:time_since_death":51236,"minecraft:walk_on_water_one_cm":31289,"minecraft:total_world_time":54316,"minecraft:fall_one_cm":698}},"DataVersion":3120}