{"stats":{"minecraft:picked_up":{"solarcraft:energy_dust":4},"minecraft:mined":{"minecraft:red_sand":1,"solarcraft:solar_flower":1},"minecraft:custom":{"minecraft:jump":62,"minecraft:time_since_rest":8409,"minecraft:walk_on_water_one_cm":29,"minecraft:sprint_one_cm":4980,"minecraft:deaths":3,"minecraft:play_time":11455,"minecraft:damage_taken":800,"minecraft:time_since_death":8375,"minecraft:walk_one_cm":7367,"minecraft:sneak_time":248,"minecraft:total_world_time":11455,"minecraft:drop":1,"minecraft:fall_one_cm":698,"minecraft:fly_one_cm":81401,"minecraft:leave_game":1},"minecraft:killed_by":{"minecraft:skeleton":1,"minecraft:pillager":1,"born_in_chaos_v1:zombie_bruiser":1},"minecraft:dropped":{"gravestone:obituary":1},"minecraft:used":{"alexsmobs:animal_dictionary":1}},"DataVersion":3120}